earn,height,sex,race,ed,age
25.5073793326888,66.02,male,white,12,30
56.3781338622286,66.18,male,white,13,61
66.54283587747271,72.38,male,white,10,67
69.6914927913448,65.97,male,white,16,69
977.095394374498,63.77,female,white,16,66
978.8720908397321,63.77,female,white,10,23
980.2989995328552,64.16,female,white,16,49
981.194900092476,65.92,female,white,17,45
981.628981126362,67.19,female,white,12,33
981.6567036578699,66.13,female,white,12,33
982.1074726277292,61.11,female,white,12,31
982.603707126398,65.13,female,white,18,30
982.925263925835,63.12,female,white,8,61
984.047256808445,65.91,female,white,16,66
984.500213531472,61.15,female,hispanic,16,27
984.7618133016341,68.25,female,white,12,59
986.055083445869,63.07,female,white,5,62
986.165728698769,62.46,female,hispanic,15,63
986.228613755399,63.46,female,white,12,25
986.4492910942412,65.99,female,black,13,34
986.4551654222032,65.94,female,white,8,57
986.993627550926,64.66,female,white,12,30
987.153288063948,59.86,female,white,18,45
987.26513123966,69.01,female,white,16,43
987.4779828530541,64.33,female,white,12,64
987.783751585589,66.04,female,hispanic,11,53
987.960796526986,61.66,female,other,17,30
988.016236486753,62.18,female,white,12,37
988.1616282837808,61.2,female,white,12,53
988.565070198681,64.71,female,white,12,22
988.7587870125819,65.93,female,white,10,42
988.878651448201,64.1,female,black,16,23
989.32483001483,65.05,female,white,16,48
990.0826967744321,63.19,female,white,14,47
990.3667896886093,63.08,female,black,16,27
990.5360283899921,63.2,female,white,12,68
990.632829899077,67.9,female,white,16,45
990.807712176254,63.03,female,white,12,49
991.1244678315428,64.87,female,white,11,42
991.402309767381,62.95,female,white,12,66
991.599966272541,64.79,female,white,13,67
991.6289096806121,61.91,female,white,10,61
991.9956209725141,63.63,female,white,12,57
992.171547840471,60.73,female,white,18,49
992.8323463032268,60.06,female,white,12,31
992.8856720627961,58.99,female,black,12,47
993.102442046512,66.14,female,white,16,67
993.1580652575801,64.93,female,white,13,60
993.3959924955052,66.15,female,white,7,45
993.515449224117,66.0,female,black,12,41
993.735798257432,63.83,female,white,12,40
994.1335038639121,63.02,female,white,8,67
994.3239529301428,66.0,female,white,12,62
994.5136806987421,61.78,female,white,8,60
994.5157465079492,59.23,female,hispanic,12,50
994.593757949998,66.3,female,white,14,28
994.954167707421,64.15,female,,12,34
995.090910576791,59.91,female,hispanic,10,52
995.172315021961,67.35,female,white,11,41
995.374617537821,64.18,female,white,18,50
995.4657571913301,66.19,female,black,5,55
995.4754883862132,65.81,female,white,12,40
995.486049534476,60.97,female,white,13,46
995.554489598849,63.08,female,white,11,69
995.580464467877,62.15,female,black,16,40
995.746579569306,65.19,female,white,11,61
995.78153389181,65.21,female,white,12,50
996.182111287872,66.31,female,other,16,36
996.243150686733,61.78,female,black,14,65
996.561743690155,67.74,female,white,14,39
996.67215235483,64.96,female,black,6,71
996.828601796463,71.96,female,white,12,55
996.918499717436,66.34,female,white,12,56
997.060240519208,66.31,female,black,14,35
997.072456516123,64.04,female,white,12,62
997.248534885182,61.73,female,white,12,33
997.8911125693919,62.03,female,white,16,36
998.222937309824,60.16,female,white,10,72
998.346114761212,63.09,female,white,14,33
998.4296833737579,66.09,female,white,12,52
998.5033874037712,62.81,female,white,17,45
998.612844261211,61.64,female,white,12,42
998.671567646385,62.86,female,white,16,33
998.682558355125,67.92,female,white,11,58
998.684495526987,62.69,female,white,11,33
998.726796716888,62.04,female,white,12,32
998.743384307228,62.2,female,white,11,30
998.7671877401648,63.01,female,hispanic,9,27
998.792806987374,62.75,female,white,13,48
998.925444353651,62.21,female,white,12,43
999.2367370700699,63.53,female,white,14,35
999.242958614164,60.96,female,white,10,39
999.3380971352028,63.78,female,white,14,42
999.6310356963228,62.82,female,white,12,35
999.7960302637,68.09,female,white,12,62
999.845388435426,65.9,female,white,12,27
999.878661556705,61.82,female,white,12,80
1000.21830625211,67.08,female,white,9,25
1000.22150357482,64.09,female,white,12,22
1000.4384473701899,64.97,female,white,12,45
1000.47251325349,65.81,female,white,13,28
1000.54221572545,63.1,female,white,12,36
1000.68811662548,59.57,female,hispanic,9,43
1000.81650997941,63.41,female,white,12,67
1000.8856431763,64.92,female,white,16,26
1000.9911108444196,70.03,female,white,12,61
1001.0004387029901,65.99,female,white,12,63
1001.2251177443601,66.07,female,black,11,33
1001.3928518077304,66.42,female,white,14,59
1001.4980426655801,68.29,female,black,12,26
1001.6664823116,66.3,female,white,13,30
1001.9066327076699,64.92,female,white,12,32
1002.0238429622301,66.59,female,white,12,22
1002.02789557595,64.18,female,white,12,34
1002.15389694231,63.62,female,white,12,39
1002.30715511839,63.15,female,white,14,54
1002.3923362722,67.76,female,white,12,28
1002.43982783669,61.88,female,white,12,70
1002.45371064789,66.78,female,white,13,63
1002.60049928122,64.24,female,white,12,32
1003.3547244743401,62.98,female,white,12,33
1003.37176812386,63.82,female,white,12,49
1003.6416743229305,62.21,female,white,12,52
1003.7065430372701,63.1,female,white,13,43
1003.80414608848,61.56,female,white,12,29
1003.9481893573401,64.17,female,hispanic,12,69
1004.0816717077099,62.42,female,white,12,63
1004.09561369181,60.0,female,white,12,48
1004.2097774494804,64.37,female,white,12,42
1004.3443659169801,67.65,female,white,12,38
1004.6881925756401,66.06,female,white,12,28
1005.1072200890303,62.1,female,white,12,43
1005.6685710722801,63.08,female,white,15,37
1005.8384737806399,70.7,female,white,8,74
1006.0176264420801,66.21,female,white,12,39
1006.4699020697199,63.48,female,white,14,43
1006.76154115774,65.63,female,white,12,28
1007.2119487410499,62.74,female,white,12,33
1007.2504839221001,65.0,female,white,12,66
1007.7098801579899,64.5,female,white,17,34
1007.8167611264801,62.35,female,white,15,52
1007.91101944059,65.89,female,white,12,63
1007.9571459641196,65.81,female,white,12,23
1007.9949410865801,68.26,female,white,12,22
1008.0218392642099,61.35,female,white,12,37
1008.3387919734697,62.22,female,white,10,24
1009.5439125996,60.19,female,white,12,38
1009.6918694217501,63.0,female,white,16,39
1009.7670460454401,64.88,female,white,12,63
1010.19089949095,63.84,female,white,12,40
1010.2290318261599,64.17,female,white,12,32
1010.4634170377001,66.17,female,white,12,56
1010.9813656957699,60.61,female,white,14,45
1012.3586518628999,63.12,female,white,9,58
1012.72857450333,62.7,female,white,12,55
1012.9311524245301,63.07,female,white,18,59
1012.9933116770401,64.14,female,white,12,61
1013.14945943267,62.04,female,white,14,82
1013.27147701205,62.27,female,white,12,29
1013.2884222970199,62.68,female,hispanic,13,36
1013.52477383429,64.5,female,white,9,67
1013.5262279071301,65.0,female,white,13,67
1013.91240595871,65.3,female,white,12,64
1014.4504555304401,64.91,female,white,14,45
1016.37310656959,61.0,female,white,16,44
1016.4910133623599,62.09,female,white,13,35
1016.50273906467,69.1,female,white,13,23
1016.6416748165301,63.06,female,white,12,64
1016.7516496253801,63.23,female,white,12,29
1017.1599605344301,62.58,female,hispanic,12,67
1019.3937032857699,65.85,female,white,12,55
1019.52175123961,65.4,female,white,10,52
1020.85471771991,64.72,female,white,9,79
1023.98892050724,62.99,female,other,8,56
1025.01290254845,63.26,female,white,10,41
1028.7967089839,64.52,female,white,14,41
1314.20587405782,66.84,female,white,12,37
1318.8755534802901,59.63,female,white,16,57
1432.2909737457599,65.79,female,white,15,25
1578.5428138957998,64.53,male,white,12,22
1605.96493256327,72.85,male,white,18,29
1641.8424658092804,62.86,female,white,12,35
1889.1408831668305,66.1,male,white,12,23
1939.87257570583,59.32,female,white,9,50
1945.44501302122,63.78,female,white,12,47
1955.16818716443,69.87,female,black,12,22
2098.28255691469,59.46,female,white,12,40
2115.67589682381,67.79,female,white,16,36
2396.14778671762,73.13,male,white,12,23
2581.0429400068,63.83,female,white,14,24
2581.8704016654997,64.79,female,white,12,22
2583.37635997833,65.01,female,white,12,22
2587.63185305423,65.9,female,white,15,32
2593.5574032364602,63.79,female,white,14,30
2596.37371508954,63.0,female,black,16,23
2598.33597751564,66.37,female,white,17,42
2600.43525202508,60.24,female,white,12,51
2609.6406928978304,57.34,female,black,12,62
2634.96424437502,65.16,male,white,12,26
2907.2064170387,66.23,female,white,12,24
2909.9380575930104,65.08,female,white,14,26
2912.6168564306395,61.72,female,black,5,77
2919.1260053187398,65.51,female,white,4,68
3128.4004542380603,65.48,male,hispanic,15,27
3153.3566529263508,69.16,male,white,12,25
3163.02291068586,66.3,male,white,12,22
3199.96325523417,68.07,male,white,12,22
3212.6495560539,72.24,male,hispanic,15,25
3224.436075821889,62.09,female,hispanic,3,68
3375.8193073489397,65.86,female,hispanic,12,25
3393.78999839327,65.78,female,white,12,27
3396.4107880473402,67.46,female,white,12,48
3843.762865820209,67.86,female,white,12,50
4159.0332215732105,61.54,female,white,13,22
4160.53105497259,67.87,female,white,12,22
4169.61756189437,66.73,female,white,12,34
4180.54604546177,64.29,female,white,9,29
4182.3942349404715,65.48,female,white,12,36
4184.2226846731,60.19,female,hispanic,6,71
4194.42425623004,63.43,female,white,12,37
4195.3362774016905,65.65,female,white,16,25
4199.25482208603,65.01,female,white,14,45
4203.92493626903,64.84,female,white,12,63
4330.56327434975,62.0,female,black,12,25
4706.62072409605,73.86,male,black,6,66
4753.87988315343,71.2,male,white,14,24
4755.73650797254,72.94,male,hispanic,15,24
4758.44302121065,70.99,male,white,8,26
4767.09597374661,72.33,male,hispanic,14,22
4771.497984754679,72.62,male,white,17,27
4807.83133117883,61.74,female,white,16,26
4812.7152814683795,67.12,female,hispanic,8,43
4831.58925740444,71.34,male,black,11,22
4972.0353918892,62.24,female,white,11,62
4985.24601643037,66.0,female,white,15,25
5042.87288471185,75.18,male,black,11,38
5529.47149841489,72.16,male,white,10,22
5753.10762270653,66.17,female,white,14,23
5761.17534334497,66.38,female,white,12,28
5764.82640107653,66.36,female,other,12,39
5765.71378324095,61.71,female,white,16,41
5768.44503437889,65.09,female,black,16,27
5768.92665868558,62.71,female,white,12,41
5771.77114883749,68.35,female,white,12,27
5772.98208580172,65.06,female,white,16,26
5775.405811580229,67.13,female,white,12,30
5780.073674992,66.19,female,white,16,33
5781.365367372111,71.49,female,white,14,31
5782.248948451,66.49,female,white,15,69
6354.842126756229,70.09,male,black,14,25
6359.00598305609,71.36,male,white,15,25
6373.617568577802,70.59,male,white,12,23
6380.09148122974,72.87,male,white,13,22
6396.29858419505,72.99,male,white,15,28
6528.93768232502,65.47,male,white,16,34
6555.899147345811,66.3,female,white,12,44
6565.331234842571,63.75,female,white,12,65
6566.2571368786,66.16,female,white,12,55
6722.681429951739,64.94,female,white,15,71
7101.324158737141,66.95,female,white,9,56
7344.957579088629,69.86,female,white,14,75
7350.343895911841,68.48,female,white,13,61
7351.36224357467,61.96,female,white,12,72
7352.90609561772,63.0,female,black,15,26
7354.053632223491,63.82,female,white,9,72
7358.5069793707,62.02,female,white,12,33
7362.324696270591,65.15,female,white,12,77
7363.697430876659,60.66,female,hispanic,12,42
7363.89520150288,65.14,female,white,12,42
7364.53214004544,64.81,female,other,12,32
7365.5038036505,64.7,female,white,13,37
7368.266106176468,70.2,female,white,12,26
7370.7516424246805,59.64,female,white,8,68
7371.8601953120215,65.92,female,white,8,70
7372.74244873303,63.48,female,white,13,48
7375.925709363779,63.98,female,white,16,49
7378.630166061559,66.01,female,white,16,46
7847.48828249529,64.33,male,black,17,37
7869.85708849864,65.83,male,white,12,79
7876.230871598091,69.78,male,other,13,26
7893.44745525963,75.04,male,white,12,25
7902.166814122679,66.39,male,white,15,24
7932.57103394049,67.83,male,white,16,28
7935.494806660591,71.42,male,white,12,22
8012.3490716726,74.88,male,white,12,26
8026.6457944128515,62.04,female,other,6,76
8027.18531618615,68.63,male,white,16,26
8031.69997754504,68.31,male,white,13,24
8056.635012153892,73.65,male,white,12,22
8161.623861307159,64.15,female,white,16,27
8162.682671768579,58.09,female,white,5,89
8181.730282038349,65.8,male,white,8,71
8466.49445018308,66.1,female,black,12,82
8750.13918500201,66.67,male,white,14,26
8930.78455644505,67.27,female,white,13,59
8934.462530203891,63.29,female,white,13,30
8935.222877318309,65.04,female,white,15,24
8935.97929440994,62.14,female,white,11,75
8939.55497630854,62.83,female,white,12,44
8939.87426566371,67.04,female,white,14,23
8942.80671590728,62.97,female,white,10,91
8945.55105069553,68.91,female,white,14,28
8949.474935476372,62.17,female,white,13,55
8949.601970069441,62.17,female,white,12,82
8949.67101572717,63.6,female,white,12,32
8950.51549317265,63.91,female,white,15,44
8951.01665799154,61.87,female,white,14,52
8951.3872765461,65.83,female,white,12,56
8955.40314951583,64.86,female,black,16,34
8958.40683258562,64.3,female,hispanic,12,43
8960.2545578515,66.11,female,white,12,33
8962.40245588917,61.72,female,white,12,25
8962.85062670136,61.96,female,white,12,22
8967.87647229583,60.96,female,white,13,35
9431.115261315841,66.18,female,white,13,64
9490.29690448586,69.22,male,white,8,82
9521.39185162996,64.41,male,hispanic,10,40
9575.46185684499,68.22,male,white,12,31
9576.388197487042,62.32,female,white,12,35
9579.8456488705,73.86,male,white,15,77
10044.722514609899,62.1,female,white,8,73
10233.0797957323,65.15,female,white,12,34
10328.6188426045,70.22,male,white,16,69
10522.9175006923,67.83,female,white,18,43
10524.3333363139,63.36,female,white,13,27
10526.189331870899,63.02,female,white,12,82
10529.7506464015,62.09,female,white,10,72
10531.9881266657,63.14,female,hispanic,12,69
10533.1039963861,61.49,female,white,12,69
10535.510939608599,59.93,female,white,5,66
10536.8164690924,66.3,female,white,13,38
10537.4648191351,64.96,female,white,13,48
10538.599791571,63.68,female,white,12,71
10538.7447239525,65.8,female,white,15,26
10538.8367190333,65.05,female,white,12,32
10542.8902094512,61.48,female,white,12,68
10543.0059825721,65.35,female,hispanic,9,78
10543.6518922358,61.86,female,black,13,30
10545.4502477035,60.13,female,white,12,69
10546.2705351933,63.34,female,white,12,39
10547.6593411727,66.08,female,white,16,52
10547.8916527515,64.19,female,white,12,64
10557.2030414009,63.04,female,white,14,39
10559.4810739797,60.23,female,white,13,32
10560.7163277053,59.71,female,white,12,53
10565.080348061,62.79,female,other,12,35
10719.1973744773,61.53,female,white,12,69
10861.0922840824,64.03,female,white,13,87
11052.2685502736,68.13,male,white,12,71
11062.216631806,73.87,male,white,7,53
11121.5282649971,69.72,male,white,16,34
11176.065937334699,66.99,male,white,10,82
11207.891267584098,71.87,male,black,14,28
11260.285789875401,69.05,male,white,12,27
11338.9470357351,63.76,female,white,15,35
11339.362393445901,59.92,female,white,8,87
11485.9945183583,60.18,female,hispanic,14,32
11491.8443763099,72.53,male,white,14,70
12115.9173222928,64.71,female,white,16,35
12123.378927428701,64.22,female,white,11,68
12129.4184092628,64.22,female,white,12,32
12129.4641155017,60.95,female,white,12,67
12131.8221152514,64.2,female,black,12,59
12132.2731355026,62.1,female,white,12,77
12132.5027696978,65.95,female,white,13,47
12134.4467282926,63.24,female,white,9,29
12137.2448273531,69.85,female,white,14,34
12137.6764657013,63.95,female,white,10,43
12154.012468166002,64.19,female,white,16,63
12641.1483677478,71.01,male,white,12,72
12698.131097278501,63.81,male,hispanic,8,31
12721.3377336341,71.39,male,black,14,31
12721.568402216799,65.93,male,other,10,64
12735.584147335901,73.06,male,hispanic,14,25
12747.0423371962,69.42,male,white,10,79
12787.9070555997,67.82,male,white,17,29
12924.223997782901,60.94,female,white,14,82
13080.2480579603,67.15,female,white,6,66
13622.609339388899,67.76,male,black,13,75
13695.752850286,64.1,female,white,15,24
13706.6343035933,64.38,female,white,12,33
13710.6713116427,63.64,female,white,12,37
13711.4490881715,62.37,female,black,11,27
13712.5235224073,64.8,female,black,12,35
13712.7662216597,61.18,female,white,11,76
13713.7442426761,61.86,female,white,12,55
13715.9034686946,65.99,female,white,12,75
13717.6657412768,69.24,female,white,13,47
13718.4543920556,64.51,female,other,10,86
13718.6298924513,63.71,female,white,13,23
13720.505367283899,66.27,female,white,12,46
13720.5614863724,71.45,female,white,12,29
13720.6740585699,62.68,female,white,9,49
13722.141363413999,63.85,female,white,12,43
13726.4773008127,63.0,female,white,12,61
13727.1703803878,67.87,female,white,13,23
13729.672024591699,69.96,female,white,13,26
13733.774868633998,65.98,female,white,14,47
13735.4075238793,63.02,female,white,14,35
13742.373319618999,65.32,female,white,12,54
14176.387252986699,73.37,male,white,9,65
14214.3087953851,67.14,male,white,13,37
14300.460580179599,71.72,male,white,12,36
14306.430724727701,72.86,male,white,15,38
14525.0653532774,67.11,female,white,12,48
15290.244118262099,69.81,female,white,12,39
15292.2967766704,68.74,female,white,11,38
15296.7303638123,68.23,female,white,14,45
15309.4702056486,63.81,female,hispanic,13,26
15313.352901434198,64.53,female,white,15,30
15316.989784225902,65.87,female,black,8,39
15324.381080719199,62.23,female,white,12,59
15809.0448761028,72.98,male,white,16,63
15859.531444691298,72.86,male,white,12,25
15865.7268275005,71.9,male,hispanic,13,24
15885.5195104926,68.79,male,white,17,27
15892.2091978625,68.15,male,white,12,35
15899.4031550977,67.02,male,white,12,81
15920.5922048939,65.15,male,white,13,31
15961.4273011639,71.79,male,white,11,35
15970.26222705,71.89,male,white,12,53
15997.545599918201,72.1,male,black,17,66
16108.242172076001,66.91,female,white,12,36
16124.9628676755,62.28,female,white,12,69
16671.501125477902,66.55,male,hispanic,12,46
16876.3917770673,65.85,female,white,12,70
16878.8349959772,60.61,female,black,12,43
16880.9998315911,65.96,female,white,13,55
16881.7141614142,60.66,female,white,17,83
16884.77431914,65.91,female,white,10,79
16886.8514579247,64.44,female,white,12,78
16887.1457287969,68.16,female,black,18,60
16888.7393946248,64.78,female,white,12,45
16889.5158551673,65.01,female,white,14,71
16889.6611198725,65.5,female,white,12,57
16889.8103273437,60.72,female,white,15,29
16889.9869050085,65.61,female,white,12,47
16890.3326960442,65.12,female,white,12,44
16890.6172628713,62.86,female,white,12,22
16892.6857012084,61.91,female,white,12,42
16892.8740662929,62.1,female,black,12,40
16893.650618773998,62.93,female,white,12,35
16894.0221460191,63.96,female,white,14,36
16894.1454216893,62.2,female,white,12,56
16894.2835398117,61.77,female,black,12,31
16894.8715844397,63.71,female,white,13,35
16895.3990352936,67.24,female,white,14,36
16896.1000435301,62.76,female,black,12,39
16896.3080934012,63.35,female,white,12,65
16898.1539759619,66.07,female,white,12,72
16898.5850156759,63.93,female,white,14,60
16898.6413084924,71.17,female,black,14,36
16899.2184171763,65.83,female,white,15,71
16899.2307482988,60.07,female,white,12,66
16899.7657635547,61.94,female,white,12,55
16899.983854556598,64.92,female,white,14,67
16900.745158091002,62.86,female,white,13,68
16900.9336464029,61.76,female,white,11,51
16901.6558792008,62.09,female,white,12,51
16901.8264738142,59.77,female,white,12,43
16902.2396528115,64.83,female,white,12,47
16903.3551430115,69.06,female,white,12,32
16904.9984512194,64.38,female,white,12,45
16905.0220799872,60.75,female,hispanic,12,26
16905.140858926497,67.49,female,white,17,34
16905.5578510981,70.08,female,white,16,40
16906.2841715607,63.17,female,black,14,29
16906.346039058102,68.97,female,white,14,36
16906.6360987587,68.19,female,white,16,46
16908.1568753555,63.28,female,white,12,29
16908.8113233328,69.12,female,white,16,29
16910.1847964277,65.99,female,white,13,42
16911.0248263552,68.29,female,black,9,66
16912.1555694825,62.08,female,white,16,44
16913.367679310602,64.15,female,white,15,46
16913.9983227796,74.3,female,white,14,26
16918.2189161501,65.64,female,white,12,61
17477.4743066582,74.38,male,white,10,54
17505.4454560322,65.73,male,black,12,66
18477.7803339031,67.83,female,white,12,42
18480.6824537285,66.26,female,white,14,61
18481.473822349,68.24,female,white,10,28
18482.8594515788,65.28,female,white,13,51
18482.9571837826,63.27,female,white,9,55
18488.0224412708,66.21,female,white,10,62
18489.6235991451,65.91,female,white,12,27
18491.4632477733,68.48,female,black,12,45
18494.0961370381,64.28,female,white,12,52
18497.8538930071,60.61,female,hispanic,12,25
18497.9558645746,63.11,female,white,12,51
18516.6837641757,63.1,female,white,15,70
19019.4383518021,76.02,male,white,12,61
19019.5422985066,68.08,male,white,12,31
19020.2126342116,71.06,male,white,12,25
19031.9000979283,71.81,male,white,12,35
19037.4454862462,67.15,male,hispanic,12,26
19050.8316923704,68.91,male,white,4,66
19051.340409669,74.3,male,black,16,45
19053.5691050415,65.21,male,white,12,75
19065.5179466674,66.13,male,white,12,32
19083.0662723967,72.94,male,white,12,33
19086.124482465602,64.04,male,black,13,26
19095.2615453343,69.52,male,white,13,44
19100.6126796045,66.85,male,white,13,71
19119.2497606979,73.4,male,white,12,28
19119.584235378,63.61,male,white,12,79
19131.3555361695,70.93,male,white,12,56
19150.3369351537,74.1,male,white,12,42
19176.3341880439,70.83,male,hispanic,6,44
19182.6074308127,73.26,male,black,13,25
20057.9469932086,63.83,female,white,15,75
20063.9966387225,64.86,female,white,12,55
20065.082736458102,62.98,female,white,16,30
20065.3040015574,64.06,female,white,12,43
20068.0607328364,68.05,female,white,12,49
20070.4266821973,68.19,female,white,12,52
20073.715648062098,63.99,female,white,14,42
20074.4189766833,62.75,female,black,12,33
20074.666638086,64.39,female,white,12,38
20074.772983259598,66.35,female,white,13,72
20075.1124669118,68.84,female,black,12,39
20075.6765540308,64.23,female,white,14,27
20078.7017904862,67.96,female,white,14,73
20078.9661907246,69.1,female,white,12,64
20079.0535040621,59.9,female,hispanic,12,55
20079.3061155936,64.49,female,white,16,44
20079.5574272996,63.8,female,black,12,77
20079.9007989922,64.7,female,white,12,26
20084.318770743303,63.03,female,white,12,39
20084.3631443331,66.52,female,white,12,43
20084.6692833515,62.95,female,white,14,38
20085.6872462914,66.91,female,white,12,37
20086.1754557979,63.93,female,white,8,52
20087.043896178402,63.81,female,white,13,41
20088.311464423798,64.48,female,white,12,30
20090.352565653702,67.44,female,white,12,47
20091.4931673901,71.41,female,white,12,39
20091.5964444871,65.17,female,white,12,55
20095.5458305818,65.97,female,black,14,38
20095.9029830232,59.98,female,hispanic,12,32
20096.217417254098,66.07,female,white,13,26
20099.9218436585,65.48,female,white,13,67
20100.2642571535,68.3,female,white,16,36
20550.1150385843,70.19,male,white,16,26
20594.711211041,66.35,male,black,8,60
20628.295518711202,70.44,male,white,12,78
20636.445440776202,70.68,male,black,9,54
20670.4756812433,69.3,male,white,10,24
20859.1253422943,62.89,female,white,12,67
20882.6809309634,65.09,female,white,12,31
20884.8217696475,64.94,female,white,12,36
21658.7263654599,62.09,female,white,12,57
21659.5418912689,60.56,female,hispanic,12,23
21661.0075017285,62.9,female,white,12,23
21663.004315450202,63.69,female,white,12,40
21664.659942411898,63.05,female,hispanic,12,39
21666.0178506817,66.05,female,white,12,34
21669.248445036297,67.98,female,white,14,52
21672.4590284355,65.56,female,white,16,37
21674.3140627863,63.41,female,white,8,62
21676.2738975494,66.86,female,white,12,33
21681.934597577,65.14,female,white,10,84
21922.316331198603,70.93,male,white,14,58
22149.542756516406,66.26,male,white,12,66
22206.6211632941,69.86,male,white,14,39
22225.110888133706,65.96,male,white,12,27
22241.3709490266,65.29,male,white,12,77
22252.899393160602,71.68,male,white,12,28
22284.6898628754,70.77,male,white,12,73
22286.8004109747,71.18,male,white,12,40
22329.158952236,62.91,male,white,12,25
23102.781191952003,74.97,male,white,12,28
23250.198151570297,63.89,female,black,8,55
23255.7192646579,64.04,female,white,11,55
23257.4531814882,61.35,female,white,12,41
23257.5590577062,63.09,female,white,12,41
23259.2826084242,60.01,female,white,14,76
23260.5391564021,63.15,female,white,12,24
23262.30627373229,63.38,female,white,13,62
23263.2462506252,68.63,female,white,12,34
23264.3741899011,68.0,female,white,14,59
23266.381980194703,65.03,female,white,12,50
23272.6828309175,63.92,female,white,14,44
23273.0643236029,62.89,female,white,12,32
23278.3232780607,63.04,female,white,14,25
23793.0568258544,72.0,male,white,8,62
23793.596287379398,70.02,male,white,12,36
23797.751351658706,71.15,male,white,12,29
23809.4477379481,71.85,male,white,12,44
23817.843746481,68.62,male,white,12,30
23824.410492409,70.75,male,white,9,25
23831.5316537746,71.81,male,white,12,43
23863.012325189302,71.57,male,white,11,67
23868.1473946433,72.0,male,white,14,26
23873.5673156157,71.94,male,white,14,37
23877.347633219502,65.08,male,other,14,25
23878.8111841365,71.04,male,white,14,35
23896.1225958883,68.31,male,white,14,29
23905.689408514303,67.55,male,hispanic,16,32
23907.505679926202,64.37,male,white,12,39
23908.082328374,70.4,male,white,17,34
24035.958990178,63.9,female,white,12,59
24824.3894868874,63.89,female,white,12,75
24831.1444642002,61.37,female,white,12,81
24837.298692791293,64.98,female,white,12,35
24839.639841273398,63.84,female,white,13,45
24843.174860604904,63.03,female,white,12,41
24843.1804714277,58.97,female,white,8,65
24843.7543318963,66.4,female,white,17,47
24843.792361469103,68.86,female,white,12,38
24845.428591748598,63.96,female,white,14,29
24845.7392111286,64.09,female,white,14,26
24847.4599106837,67.2,female,white,12,30
24847.4675748411,66.65,female,white,12,33
24847.921611098398,67.41,female,white,12,81
24848.1063279448,66.95,female,white,12,31
24848.5150235251,68.07,female,white,12,37
24849.1932942171,60.3,female,black,12,80
24849.264510266406,64.06,female,white,12,60
24850.196030533,63.19,female,white,14,41
24850.8308644127,59.01,female,white,14,66
24851.1945376469,63.17,female,white,16,35
24851.8480250879,64.12,female,hispanic,16,36
24852.1695267614,64.25,female,white,16,33
24852.3361979281,64.41,female,white,12,35
24852.509723465602,66.06,female,white,16,61
24852.9189798823,60.98,female,white,13,32
24853.5195136729,61.31,female,white,18,86
24854.1042055616,64.02,female,other,13,37
24854.203599248598,60.32,female,white,14,53
24854.230640961694,64.69,female,white,14,70
24854.258184348306,66.21,female,white,12,85
24854.2862407647,63.68,female,white,16,33
24854.9424481381,65.34,female,black,12,32
24854.9727381481,67.01,female,black,14,34
24855.035493534302,61.2,female,other,16,38
24856.1676094287,62.84,female,white,13,35
24856.3852622375,66.85,female,white,12,24
24857.016024841,62.92,female,white,12,25
24857.441360456694,67.82,female,black,11,35
24857.5303329462,74.88,female,white,13,79
24858.2269938452,67.47,female,white,12,22
24858.2973709503,66.01,female,white,12,42
24859.421042332204,63.83,female,white,12,42
24859.796073372596,65.36,female,hispanic,16,34
24859.815172234303,64.15,female,white,16,30
24859.9457977036,64.02,female,white,14,27
24860.3637743202,63.94,female,hispanic,11,25
24860.646609068906,59.96,female,white,14,79
24861.2188259363,66.62,female,black,12,46
24862.3904718197,66.82,female,white,15,73
24864.5362144608,68.26,female,hispanic,12,72
24867.394491438707,59.74,female,white,13,41
24875.871655643998,65.8,female,white,12,23
25361.828378910897,66.1,male,white,12,41
25420.1296221833,69.66,male,white,12,37
25427.4001595129,72.05,male,white,13,27
25439.9094368504,76.18,male,white,15,36
25447.465302014,67.55,male,white,8,47
25452.1338955757,72.11,male,white,14,25
25455.211936639,68.73,male,white,12,23
25499.5396603811,68.08,male,white,8,28
25550.7559075621,62.04,male,hispanic,14,32
26420.832253551802,62.8,female,white,14,31
26423.129343136094,60.8,female,white,15,42
26425.997460426406,64.28,female,white,16,31
26427.6756161573,67.11,female,white,12,43
26432.0238638548,63.23,female,hispanic,12,50
26432.886456701402,67.89,female,white,13,47
26433.445731925298,63.98,female,white,14,63
26433.7795557355,64.82,female,white,14,63
26434.502607035898,66.82,female,white,12,65
26434.5356297357,65.19,female,white,12,40
26437.6534741544,62.96,female,white,12,53
26440.4988768348,62.85,female,white,15,36
26443.0930466471,68.29,female,white,18,43
26447.0035703518,65.03,female,white,14,35
26500.2429561617,64.39,female,white,12,37
26877.8701780781,67.02,male,white,14,35
26930.5439643451,68.07,male,white,12,62
26979.297673728106,71.15,male,white,12,32
27009.5096925429,72.76,male,white,12,50
27043.6720522342,72.12,male,white,12,36
27044.398985041,70.96,male,hispanic,13,40
27048.7526856383,69.33,male,black,12,46
27052.3145447836,74.2,male,white,16,35
27055.6866263278,72.35,male,white,12,34
27064.549819231,66.1,male,black,12,27
27068.2291862713,63.7,female,black,12,25
27082.7070995351,68.85,male,white,12,50
27100.834976173,66.96,male,white,12,71
27130.7019128214,69.07,male,other,14,37
27220.0059304223,62.05,female,white,13,50
27220.0746330027,65.93,female,white,14,32
27223.365695310098,62.11,female,white,12,48
27235.268017385897,64.24,female,white,14,47
28003.467467509,65.03,female,white,12,63
28011.641704163398,60.95,female,white,12,34
28014.3209098335,69.15,female,black,13,41
28014.7345560315,65.53,female,hispanic,14,47
28022.2375146568,66.01,female,white,16,32
28022.6386657665,65.49,female,white,14,43
28024.601013816202,68.84,female,white,13,39
28025.997555000296,66.98,female,white,14,27
28028.8492187587,62.85,female,white,12,44
28032.1868635186,64.95,female,hispanic,16,27
28032.2062659646,64.07,female,hispanic,12,31
28035.164064381406,59.06,female,white,15,30
28035.9398261196,64.08,female,white,12,42
28036.2730849519,63.06,female,white,12,40
28038.3578937832,70.0,female,white,15,31
28041.339982898196,68.02,female,white,12,50
28044.017605738998,62.99,female,white,17,30
28564.291395367203,67.72,male,white,12,24
28575.3855635215,62.05,male,other,16,31
28578.7772496041,69.48,male,white,16,79
28581.7197594866,68.16,male,white,15,40
28590.221977806494,65.71,male,white,13,36
28592.6154784873,72.31,male,white,14,52
28612.789888479503,62.2,male,hispanic,12,67
28615.2800070585,70.22,male,white,16,28
28624.1716370336,66.33,male,hispanic,17,30
28625.3297430993,71.44,male,white,16,49
28644.500098047003,70.32,male,white,12,31
28718.205035615298,71.88,male,white,12,77
28828.8892012243,66.55,female,white,17,30
28969.5085549037,64.52,female,white,16,34
29600.80026329,71.22,female,white,10,33
29611.1767650406,61.76,female,hispanic,13,60
29614.948314948597,65.05,female,white,13,53
29615.6153757967,65.41,female,white,12,26
29617.124213271094,61.92,female,white,13,45
29618.670943535097,63.28,female,white,12,40
29618.825124488598,67.83,female,white,12,70
29620.1650898871,64.07,female,white,12,50
29620.4026862233,62.11,female,white,11,51
29620.997007219,66.87,female,white,16,44
29623.7009005662,64.12,female,white,15,41
29624.8547880902,64.52,female,black,15,50
29627.8222039787,67.83,female,white,12,34
29627.844266097796,63.68,female,white,16,67
29632.310086383397,67.94,female,white,16,30
29637.2679715432,60.78,female,white,14,49
30161.9293463618,72.16,male,white,12,32
30173.3803632981,71.68,male,white,12,33
30173.6300852123,69.92,male,white,12,36
30201.517244104398,71.51,male,white,16,65
30251.892654914198,71.1,male,black,7,61
30282.467307054703,71.33,male,white,14,65
30577.5151842098,64.93,female,white,16,30
30740.47803689,64.92,female,white,13,36
30767.846110115897,63.23,female,black,10,40
31197.9028766208,68.08,female,white,13,49
31203.6566167839,63.75,female,white,14,56
31207.4500897519,61.19,female,white,12,50
31207.4749542588,63.68,female,white,12,50
31210.0450199533,62.71,female,white,13,36
31214.718656156,63.03,female,hispanic,15,49
31215.749993905298,64.55,female,white,16,38
31216.472797982,64.6,female,white,13,86
31709.3453051173,66.61,male,white,16,75
31727.703584918,66.64,male,other,10,32
31732.008452061295,71.98,male,white,8,40
31750.677028269703,68.1,male,white,15,46
31760.3097497459,69.06,male,white,11,27
31761.6801664963,67.77,male,white,16,37
31762.5194770489,68.73,male,white,18,73
31765.8967813837,70.21,male,white,14,27
31774.6724028254,69.09,male,white,12,70
31776.7508647511,71.11,male,white,14,45
31779.0524294819,75.89,male,white,14,30
31789.2198043854,71.41,male,white,14,44
31789.5496754198,72.13,male,white,17,81
31790.300673784703,67.43,male,white,12,39
31795.578812406602,69.7,male,white,16,29
31818.0117641456,61.21,male,black,11,70
31818.6236230481,74.17,male,white,12,40
31829.2883253981,67.86,male,white,10,36
31833.064165776093,69.63,male,white,17,72
31836.530959224503,73.79,male,white,12,46
31844.651862670296,70.34,male,black,16,45
31852.2062255474,70.62,male,white,12,54
31855.1033379246,73.14,male,black,18,37
31859.9039539382,72.28,male,hispanic,12,32
31860.2747237421,69.1,male,white,12,61
31868.4793403152,71.49,male,black,12,30
31876.5784243398,67.72,male,white,12,55
31879.353526940402,69.07,male,white,14,62
31883.2552493761,66.22,male,white,15,28
31884.9092385098,69.94,male,white,16,31
31923.2309000489,67.11,male,white,14,29
32784.8272263708,60.26,female,white,12,41
32789.3796661253,60.64,female,white,14,40
32792.0539545984,63.12,female,white,15,33
32793.912006464,61.82,female,white,12,34
32794.1983616288,64.92,female,black,12,39
32794.332579340495,62.48,female,white,10,48
32794.5406477114,65.02,female,white,14,43
32795.5150089862,64.02,female,white,15,43
32796.424562242406,63.26,female,white,16,30
32796.9508717817,63.87,female,black,13,43
32797.7152048203,62.44,female,white,14,24
32798.0511760252,62.37,female,white,17,34
32799.1446940046,65.97,female,white,14,47
32799.5880325174,67.7,female,white,14,29
32800.535842362995,66.94,female,white,18,33
32800.635570522594,62.29,female,white,16,77
32800.8023474806,63.71,female,white,15,30
32801.265467448,67.96,female,white,12,35
32801.7096211093,59.83,female,white,14,41
32803.3025937337,69.75,female,white,10,65
32803.4426895406,62.0,female,white,12,33
32803.479230416204,65.0,female,white,14,73
32804.552369449,59.0,female,white,13,45
32804.6545498774,64.76,female,white,12,46
32807.466668885296,64.07,female,white,12,33
32809.6326770138,59.61,female,other,16,92
32809.666217354505,64.34,female,white,13,35
32809.7265515796,66.19,female,white,16,45
32810.0439602876,62.83,female,black,12,37
32811.117160866605,63.65,female,white,17,53
32811.8623722485,68.09,female,white,12,40
32819.8518440008,62.2,female,white,17,28
32821.1936901775,63.71,female,white,12,44
32821.7394367105,59.85,female,white,8,81
32823.4149412493,65.68,female,hispanic,17,30
32973.46426248,63.69,female,white,12,42
33327.5987832144,70.05,male,white,17,45
33347.263714707995,66.19,male,white,13,34
33354.9444670964,69.91,male,white,12,27
33357.2798994404,72.91,male,black,14,50
33372.9363140627,71.27,male,white,12,37
33381.7739759541,68.61,male,white,12,55
33385.6491294888,71.65,male,hispanic,15,66
33388.2987658794,67.89,male,white,12,63
33417.5208538918,74.3,male,white,12,37
33433.936468524,72.24,male,white,17,51
33438.2100886863,70.97,male,white,12,26
34166.1588166956,72.1,male,black,13,28
34293.320938979,71.96,male,white,12,31
34374.0790977282,63.91,female,black,17,47
34382.0740264456,64.86,female,white,13,31
34383.101849067,65.05,female,white,12,61
34383.7045204962,68.07,female,other,12,54
34385.4430522478,62.74,female,white,14,45
34389.1320382317,67.92,female,white,17,29
34393.3511714037,65.53,female,white,17,43
34396.1596986703,68.26,female,white,13,43
34397.6269652435,63.58,female,white,12,81
34398.5804366668,62.01,female,white,12,35
34399.7622930359,66.98,female,white,16,32
34400.790168874104,67.26,female,white,12,49
34894.9420985275,71.97,male,white,12,32
34920.5390609967,66.03,male,black,16,41
34939.3171908471,61.12,male,white,12,28
34947.9182367206,69.77,male,white,6,79
34957.122174786804,71.36,male,hispanic,14,32
35041.7055007873,71.28,male,white,12,43
35056.1897433602,68.75,male,white,14,39
35071.366481072204,73.49,male,black,12,28
35966.4027951844,62.73,female,black,14,77
35968.8432808826,63.09,female,white,16,32
35972.1711232638,66.01,female,white,16,39
35974.9467608756,64.05,female,white,14,38
35977.614797689,70.85,female,white,17,40
35978.3615194746,65.36,female,white,18,33
35978.7787242601,66.07,female,hispanic,12,37
35979.2002268293,62.73,female,other,18,63
35981.5108645561,62.35,female,white,12,52
35983.4557169327,59.68,female,white,12,45
35985.2005008923,62.08,female,white,18,51
35986.0131003784,73.2,female,white,14,49
35991.8855411288,65.97,female,black,12,54
35995.1803431969,64.2,female,white,12,64
36577.5114386126,71.74,male,white,13,32
36578.6173669224,65.62,male,white,12,38
36593.6932422507,64.16,male,white,13,36
36597.1185121691,70.04,male,black,12,39
36623.3121917525,74.3,male,white,16,29
36713.0878336217,69.45,male,white,18,73
37551.8483983486,63.61,female,white,13,30
37562.0541780795,61.81,female,white,12,44
37562.852738981404,62.95,female,white,13,82
37563.434273142004,65.88,female,white,18,32
37566.5366877765,66.83,female,white,12,51
37571.3742815177,65.72,female,black,15,58
37573.2990727913,70.15,female,white,17,46
37585.5211136113,63.65,female,white,12,41
37592.311734899,64.49,female,white,14,52
38084.9099393145,69.94,male,white,16,29
38087.322022337205,68.15,male,white,14,53
38187.4073424178,68.23,male,white,16,30
38198.250803332005,67.61,male,white,12,60
38212.8861850698,68.14,male,white,18,40
38374.9264949555,68.18,female,white,13,31
39006.1541350665,64.11,female,white,12,26
39143.607661737995,67.06,female,white,18,55
39148.2239673475,64.56,female,white,14,28
39149.812711858904,64.24,female,white,13,34
39154.2544457864,67.86,female,white,12,28
39157.5819181736,61.99,female,white,14,33
39157.7510357454,62.05,female,white,17,38
39159.796830907995,63.98,female,black,16,31
39160.158504899,64.93,female,white,12,33
39162.8754520925,64.93,female,white,12,45
39163.5186521581,66.36,female,black,14,33
39165.238204652596,64.15,female,white,16,50
39165.679737392595,62.96,female,black,14,44
39165.928940285296,65.15,female,hispanic,11,31
39166.0892107678,68.19,female,white,12,39
39167.6226009284,59.75,female,white,13,54
39167.745705174704,68.21,female,white,13,46
39168.2941872203,65.22,female,white,16,36
39169.1000544924,66.02,female,white,18,73
39169.7206103304,68.32,female,white,16,46
39169.7501351968,64.79,female,white,12,95
39662.96205847,70.18,male,white,12,37
39676.2644997822,68.74,male,white,16,33
39678.5326981348,70.12,male,white,12,57
39684.624126819705,70.08,male,white,12,28
39687.720336458304,61.89,male,other,14,41
39688.5905654115,70.55,male,white,14,85
39693.929061593,67.03,male,black,14,30
39705.6238023595,69.96,male,white,12,26
39706.4175846121,66.88,male,white,16,43
39716.9277091473,68.99,male,white,17,33
39720.1169340478,67.95,male,white,16,29
39724.681100838796,71.13,male,white,14,36
39730.4007784177,73.13,male,white,10,25
39751.1940297085,67.14,male,white,12,93
39757.9472100514,64.79,male,white,16,90
39763.7660650055,71.11,male,white,12,40
39764.5300001007,69.77,male,white,9,51
39767.884119698,65.82,male,white,16,40
39773.2440613475,69.94,male,white,12,46
39783.9469489965,67.85,male,white,14,68
39787.6214099871,70.48,male,white,17,33
39789.4734194548,73.88,male,white,12,34
39790.7425975321,73.85,male,white,14,28
39793.2360685558,66.6,male,white,11,67
39806.8521692602,69.94,male,white,14,73
39816.5002027645,70.09,male,white,12,69
39823.374123275,67.17,male,white,16,30
39829.3235077431,72.52,male,black,12,39
39858.0562950258,69.96,male,white,10,35
40730.7869181018,62.87,female,white,16,37
40734.3058021157,64.77,female,white,13,82
40735.5821116565,67.8,female,white,13,56
40739.3407716587,66.04,female,white,14,41
40740.013906102,63.82,female,white,14,49
40742.5641452661,63.38,female,white,18,46
40742.7691523491,60.61,female,white,12,79
40743.0231380484,64.81,female,white,16,51
40744.0142293539,69.02,female,white,14,59
40744.874764746404,59.15,female,white,15,87
40745.072891960095,65.19,female,white,18,65
40745.341702207996,64.09,female,black,14,40
40747.1407845328,66.06,female,white,12,53
40747.965511905895,63.91,female,white,12,37
40750.0226434449,67.42,female,white,18,39
40750.2315198708,61.87,female,white,15,37
40750.883052636804,61.39,female,white,12,69
40750.9588661231,68.43,female,white,12,47
40751.6454536098,66.75,female,white,16,31
40751.7835298215,67.65,female,white,17,51
40751.8595966049,69.96,female,white,12,31
40752.142789777005,69.11,female,white,12,86
40752.7857873425,60.68,female,white,12,35
40753.3280697748,65.17,female,white,17,37
40754.1029736281,63.72,female,white,12,37
40755.6601213819,65.19,female,white,12,66
40756.069498211,65.9,female,white,17,54
40757.5684534422,63.02,female,white,12,34
40757.9350769351,64.17,female,other,16,41
40758.5577226173,65.58,female,white,12,34
40760.9115574943,63.15,female,white,10,64
40764.7785489312,62.82,female,black,14,58
40770.5860160793,61.68,female,white,13,36
41283.509070804,74.15,male,white,18,30
41288.4230868218,71.91,male,hispanic,16,29
41290.7032034576,63.87,male,hispanic,16,27
41312.4117058859,67.15,male,white,14,34
41349.94837328022,71.99,male,white,12,31
41354.4324383427,68.64,male,white,18,29
41363.677623656404,69.02,male,white,12,36
41433.6591116814,72.86,male,white,16,28
42322.0737112319,64.12,female,white,15,36
42328.800793441296,69.0,female,white,17,47
42339.842139485096,64.83,female,white,16,38
42341.556083029,65.93,female,hispanic,14,36
42341.7892935171,61.97,female,white,12,35
42342.1759299248,67.01,female,white,17,38
42343.3439688464,66.34,female,white,16,31
42344.141216902004,62.96,female,black,13,41
42345.881829433,60.31,female,white,18,67
42347.1664095893,70.17,female,white,13,37
42347.4010321721,63.75,female,white,18,40
42349.1938093216,61.38,female,white,14,69
42834.4504315573,72.72,male,white,12,27
42838.8607714631,63.1,male,white,12,37
42872.264008732796,71.38,male,white,16,33
42903.3817816247,74.77,male,white,12,28
42906.4330216585,69.7,male,white,12,46
42922.567935138904,68.18,male,white,12,31
42926.3869579729,76.09,male,white,12,43
42933.0122551917,68.12,male,white,17,35
42941.4351052398,71.11,male,white,14,36
42946.1384264164,74.16,male,white,12,28
42963.3620053351,72.94,male,white,12,95
42996.6378844038,72.4,male,white,12,30
43913.668813905,63.72,female,hispanic,17,45
43919.1420419723,64.88,female,white,16,34
43919.8943431691,68.18,female,white,14,33
43928.4164617031,62.55,female,black,17,37
43928.4198331574,64.17,female,white,14,30
43929.4541868987,61.17,female,white,18,47
43933.828066816095,66.67,female,white,17,38
43933.83836836,62.21,female,white,12,45
43938.8576046547,64.07,female,white,16,64
44447.409956640804,74.83,male,other,16,38
44466.48064663488,63.44,male,black,14,67
44492.4222581206,71.03,male,white,17,50
44502.687535051395,71.38,male,hispanic,13,42
44509.7431378579,75.11,male,black,9,59
44511.8388677947,75.02,male,white,18,42
44513.8048948285,66.96,male,white,12,50
44516.112502922995,77.02,male,white,14,32
44524.6055045838,71.76,male,white,16,30
44533.110003917696,66.12,male,white,12,48
44568.5809689135,72.07,male,black,15,34
44600.177062023206,66.41,male,other,15,44
44610.2025899329,70.28,male,black,18,42
44711.1395351231,67.09,female,white,12,34
44729.61504667559,67.17,female,white,12,62
45507.97884773991,62.91,female,white,16,45
45509.3990429654,63.86,female,white,18,52
45509.865051055705,63.49,female,white,16,44
45521.619401723605,64.0,female,white,17,29
45523.497402676105,66.0,female,black,15,64
45523.58050729,62.53,female,white,18,48
45524.39105608901,63.91,female,white,16,43
45525.7374951262,64.01,female,white,14,40
45529.9389713226,62.98,female,white,18,50
46069.14454296111,68.71,male,hispanic,14,33
46075.035391828096,67.96,male,white,9,62
46114.9940451608,74.49,male,white,12,26
46143.8478216483,68.08,male,black,16,40
47104.1718212293,61.54,female,white,12,53
47597.81986370991,68.11,male,white,11,38
47617.1421807931,67.12,male,white,16,35
47621.5506990729,70.14,male,white,14,80
47648.579482433,70.72,male,white,18,41
47655.590724269,69.76,male,white,12,37
47660.9252116808,73.89,male,white,12,45
47665.418674892804,69.84,male,white,18,50
47666.469440206114,67.35,male,white,12,56
47682.5461562175,71.41,male,white,16,34
47685.7793442066,72.2,male,white,12,29
47691.87646016621,74.21,male,white,12,42
47695.195062597195,68.89,male,black,12,41
47697.1018967501,74.14,male,white,12,36
47707.0118820173,69.64,male,white,11,55
47707.8481763399,67.96,male,white,18,65
47708.8917890766,71.9,male,white,12,30
47709.3292637674,73.13,male,white,18,45
47712.440935113205,69.85,male,white,17,60
47713.2746225333,71.77,male,white,14,43
47719.33618454151,73.1,male,white,12,38
47724.5834057795,70.96,male,white,12,47
47725.92514188639,72.54,male,black,12,48
47728.09912509519,69.4,male,black,11,55
47740.831040027995,70.88,male,white,12,51
47740.9784984125,70.87,male,white,16,38
47742.1252747604,68.19,male,hispanic,12,36
47746.05656498519,72.99,male,white,14,30
47765.340638763606,66.04,male,white,12,46
47770.8224810453,69.0,male,white,14,52
47774.2522227392,67.79,male,white,11,36
47779.85992379781,75.01,male,white,16,33
47782.4465201032,69.45,male,white,12,36
47782.6325430195,70.35,male,white,16,45
48686.335231377685,62.9,female,white,12,77
48687.8484753642,65.16,female,white,18,63
48687.90130932201,64.93,female,black,12,36
48688.92974822581,67.71,female,black,16,52
48692.7045921071,62.84,female,hispanic,18,58
48693.2024538462,66.01,female,white,16,37
48693.4797964477,67.19,female,black,14,35
48694.1241676915,64.07,female,white,17,32
48695.6588978653,61.92,female,white,13,47
48696.689497822685,65.03,female,white,13,32
48697.060036185096,67.18,female,white,16,62
48698.2042696945,62.21,female,white,13,40
48698.5173261034,62.99,female,black,16,40
48698.5250501847,65.0,female,white,13,65
48700.4850032987,64.8,female,black,18,68
48702.17709346111,64.03,female,white,14,38
48708.179123266396,66.66,female,white,16,31
48708.525626797,64.16,female,white,12,36
48710.666947390986,63.77,female,white,16,33
48710.9197381887,64.89,female,white,17,47
48722.16771983,63.61,female,white,14,47
49236.364512364,69.77,male,,12,33
49365.219002276295,72.29,male,,12,35
50014.1224657651,65.18,male,white,14,39
50293.3455419254,67.94,female,white,16,47
50295.0102290679,59.96,female,black,12,52
50299.0512923305,61.97,female,white,14,43
50832.9187815009,69.42,male,black,15,37
50863.956748590994,72.15,male,white,12,32
50877.7761685217,71.69,male,white,14,44
50908.8970813513,65.76,male,white,16,37
50919.673804220496,67.17,male,black,14,36
50924.6583604247,77.12,male,white,16,34
50933.4879483364,68.62,male,white,12,34
50960.0542820731,73.29,male,white,17,50
51874.208870954804,68.84,female,white,17,41
51874.5737440326,63.0,female,black,16,38
51878.813293765095,65.16,female,white,14,32
51881.1137290279,60.77,female,white,12,73
51883.97214454,68.63,female,white,14,44
51888.9713088147,62.5,female,black,14,48
51892.9423880023,65.68,female,other,18,39
51896.846670074,67.02,female,white,18,33
51897.557115687,65.16,female,white,16,36
52085.529464946114,65.85,male,white,12,38
52421.826527480196,73.93,male,white,17,44
52438.922964203,68.71,male,white,14,34
52454.8022134593,72.05,male,white,12,30
52457.295987666796,66.22,male,white,12,61
52499.2752680738,72.14,male,white,12,41
52519.6301914733,66.08,male,white,16,38
52556.6622479844,68.05,male,white,12,73
53459.7469784682,66.74,female,white,12,35
53463.6223523582,67.05,female,white,13,47
53464.7050486639,63.3,female,white,17,43
53471.4323638042,66.07,female,black,12,49
53481.8611190695,65.46,female,hispanic,16,66
54032.4163361492,73.66,male,white,14,82
54079.8149454029,71.69,male,white,12,49
54097.488699085196,68.61,male,white,12,39
55067.793119371796,68.49,female,white,17,53
55572.0362132959,72.0,male,white,14,47
55575.0908182266,73.15,male,white,18,54
55589.094312706395,68.9,male,hispanic,16,69
55596.623547016796,68.04,male,hispanic,16,34
55597.077553843395,73.86,male,white,17,47
55616.9724786137,71.55,male,white,12,65
55621.9374127112,66.75,male,white,14,47
55622.579497519015,71.29,male,white,15,49
55626.75072664741,69.9,male,white,16,34
55628.230922933,74.41,male,white,18,34
55634.1696790621,70.77,male,white,12,36
55635.3843796645,66.11,male,white,14,67
55636.62223692519,73.11,male,white,12,52
55645.5778949582,73.86,male,white,13,80
55645.681854677314,73.98,male,white,14,38
55664.39980029781,69.15,male,white,15,25
55665.73859657389,67.76,male,white,12,54
55693.551753349806,68.99,male,white,14,78
55693.8337608029,72.86,male,white,12,34
55702.3014545118,69.1,male,white,14,32
55712.348432093604,70.13,male,white,9,88
55728.5899158062,66.9,male,white,16,37
55744.0702635899,69.09,male,white,13,32
55760.7664723291,67.86,male,white,14,41
56639.287490250594,65.17,female,white,15,51
56642.4364407088,63.69,female,white,12,46
56642.756541815994,66.91,female,black,13,41
56642.969612385,65.09,female,white,16,36
56644.646697808894,65.88,female,white,15,42
56644.896769958796,69.27,female,white,14,28
56646.557802363604,61.91,female,white,15,43
56649.7673340898,63.61,female,hispanic,14,57
56653.761312841394,63.44,female,white,18,44
56655.8520466265,59.16,female,white,11,38
56656.301330095,68.12,female,white,16,47
56657.6081257394,64.13,female,black,12,51
56659.188832920496,64.77,female,black,15,46
56660.0517213774,64.27,female,white,12,76
56670.3273867862,65.88,female,white,16,32
57055.5653429877,73.95,male,white,16,46
57150.2428716162,72.79,male,white,12,40
57180.284904257314,69.28,male,white,16,55
57196.630193873796,73.38,male,white,16,41
57262.115767785,69.77,male,white,16,43
57292.9968450935,68.0,male,white,12,32
58225.6117358599,62.42,female,white,16,49
58227.643174519806,60.76,female,white,12,75
58228.085363949904,69.89,female,white,16,34
58230.5879236984,64.9,female,black,15,43
58234.5809653042,63.6,female,hispanic,17,38
58812.5554780609,74.52,male,white,16,29
58834.166850632595,68.22,male,white,11,41
60380.561963303495,69.85,male,white,16,40
60411.79974000309,66.64,male,white,12,44
60429.4216733453,72.55,male,white,16,78
60431.916910658096,69.34,male,white,11,54
60439.3840685454,67.95,male,white,9,50
60492.1212305534,67.04,male,other,17,58
61429.185405830096,68.43,female,white,17,48
61431.2358244234,67.35,female,white,17,59
63505.674392459696,71.88,male,white,16,45
63508.2745013848,68.27,male,white,18,47
63513.1027353022,71.25,male,white,12,42
63516.2793540724,76.48,male,black,16,42
63533.3407303505,66.06,male,white,12,65
63533.925247467,73.05,male,white,12,70
63544.160094039005,67.69,male,white,17,45
63548.3136161029,69.24,male,white,11,48
63549.446247466396,70.38,male,white,16,45
63557.9760687751,66.58,male,white,16,35
63563.485216593,65.94,male,white,12,38
63566.2328416663,74.98,male,white,12,50
63567.3694572935,72.35,male,white,14,58
63570.4143675579,73.88,male,white,16,38
63578.5962735478,65.98,male,black,14,38
63581.3456537451,74.27,male,white,16,60
63604.6309830045,70.06,male,white,12,51
63608.366803183206,70.11,male,white,14,40
63610.47499878732,72.43,male,white,15,45
63619.6597966112,71.96,male,white,16,32
63629.143684586794,71.62,male,white,16,37
63629.7998156167,71.66,male,white,12,46
63635.6570881354,67.78,male,white,18,67
63665.5948402963,70.36,male,white,14,32
63679.4040953726,69.43,male,white,12,41
63693.4110882131,71.29,male,white,14,55
64581.9520540544,57.94,female,black,12,60
64593.5998054014,65.95,female,white,12,45
64598.4562971162,59.72,female,other,18,39
64599.9564039253,62.1,female,white,16,48
64602.063972423086,68.16,female,white,14,33
64606.3235215003,63.47,female,white,14,60
64607.96187163911,65.68,female,white,16,63
64610.3579806432,66.19,female,white,16,38
64613.0668228329,64.3,female,white,13,48
65089.763788033,72.05,male,hispanic,13,36
65237.770047654696,76.68,male,white,16,37
66201.68697446071,66.88,female,white,13,44
66770.3896483816,74.1,male,white,17,47
66771.7539282786,70.25,male,hispanic,14,48
66786.5507838122,69.29,male,white,18,47
66836.7602543026,68.19,male,white,12,41
67762.2226156826,63.24,female,white,12,44
67766.07102265139,63.84,female,white,18,33
68256.89671408379,67.95,male,black,13,48
68330.0291746917,69.06,male,white,12,55
68428.9230580318,74.92,male,white,17,44
68461.3756361159,70.81,male,white,12,31
69369.6365028672,69.64,female,white,18,50
69383.4258503022,63.28,female,white,12,42
69902.4752117052,72.3,male,white,16,50
69966.2128885529,68.9,male,white,12,62
69993.6930698179,70.02,male,white,13,48
70051.7508949032,68.28,male,white,16,52
70960.3420883276,62.85,female,white,12,43
71500.59891988401,68.92,male,white,11,55
71514.3289230531,73.05,male,white,16,42
71538.2893319736,67.4,male,white,18,44
71548.0876578581,70.76,male,white,17,66
71550.40367732321,70.95,male,white,12,33
71575.5885980481,65.94,male,white,13,86
71609.0662816366,67.85,male,white,12,62
71637.552888116,67.86,male,white,12,78
72540.167389067,66.94,female,white,16,73
72543.836019343,66.05,female,white,18,48
72549.3620022462,67.36,female,white,16,38
72559.7829905608,66.23,female,white,16,47
74706.6532959308,70.24,male,white,18,47
77309.5329351063,66.06,female,white,13,43
77311.9389631547,62.62,female,white,18,38
77889.5763942784,69.9,male,white,13,41
79449.0780155172,66.77,male,white,16,53
79469.6524162958,69.22,male,white,8,57
79469.6826737892,72.13,male,white,12,45
79478.0468181047,71.97,male,white,16,42
79481.9408160514,71.08,male,white,16,45
79485.8854920863,72.8,male,white,15,52
79507.9870618854,65.79,male,white,12,56
79510.340661361,72.13,male,white,14,59
79521.0309906084,71.7,male,white,16,57
79521.0347468327,67.87,male,white,17,38
79523.48684118691,70.81,male,white,14,62
79540.6463287231,69.52,male,white,12,55
79571.299011024,73.89,male,white,16,49
79576.5419400654,68.85,male,white,11,22
79582.9722445708,71.73,male,hispanic,13,68
79603.4564638413,71.36,male,white,12,54
80478.0961525837,63.22,female,other,16,95
80491.7059230187,65.48,female,white,16,58
80502.5320404378,65.44,female,black,18,69
80508.09009646179,61.91,female,white,15,44
80518.409375972,67.98,female,white,17,43
82089.3454983326,63.08,female,white,17,43
82711.753363371,60.14,male,white,15,54
83682.9635299098,66.1,female,white,18,54
84223.3979186057,72.76,male,black,13,39
85249.2838792362,71.28,female,white,14,30
85268.64469168469,62.85,female,hispanic,17,36
87392.6632009754,72.34,male,hispanic,18,39
87473.4075168657,75.04,male,white,18,34
87473.9687783999,68.82,male,white,18,75
88453.5952587809,63.83,female,white,12,55
88456.4731995184,67.03,female,white,18,55
90527.2378218376,72.92,male,white,14,41
91628.44628289867,64.19,female,white,18,51
92205.596105924,69.62,male,white,18,57
93232.672427805,63.72,female,white,16,38
95330.5448443733,69.87,male,white,18,54
95351.2060008194,71.05,male,white,18,57
95353.794962225,69.22,male,white,14,70
95370.55595072321,76.73,male,white,17,46
95400.5609817628,73.8,male,white,13,58
95402.6598745111,74.25,male,white,14,56
95416.6067984548,71.92,male,white,12,49
95424.9084378097,73.21,male,white,16,35
95426.0144102907,71.65,male,white,12,54
95430.6104210465,66.78,male,white,14,67
95449.6102254534,74.23,male,white,13,49
95457.421242717,67.82,male,white,12,70
96382.89009081008,69.55,female,white,18,67
96383.0764233227,64.0,female,white,16,39
96396.9886433106,66.23,female,white,16,62
96398.2293678427,62.95,female,white,10,82
96404.2353809042,65.97,female,black,16,47
96406.7613267083,64.37,female,white,12,47
98535.10682750039,69.96,male,white,18,48
98558.7781026767,70.02,male,white,14,58
103274.093507014,67.05,male,white,14,29
103313.62221357401,67.86,male,white,17,44
103364.47639414301,64.43,male,white,12,32
103375.877816366,67.81,male,white,16,50
109708.748822754,69.94,male,white,12,42
111205.855063134,72.18,male,white,15,52
111283.259406706,70.25,male,white,14,39
111285.63662324,72.19,male,white,18,51
111301.925090235,72.23,male,white,14,36
111355.58249248599,68.96,male,white,18,46
112293.228459904,67.16,female,white,10,76
112309.660734072,61.91,female,white,16,42
119251.055119839,71.92,male,white,17,43
120240.27817162301,63.8,female,white,15,44
127210.627675111,69.39,male,white,14,48
127226.599652973,69.95,male,white,17,43
127277.492490206,72.18,male,white,14,62
128217.042224129,60.94,female,white,14,41
135137.68688397598,70.25,male,white,15,69
141452.613413474,77.21,male,white,16,45
143040.708851371,72.27,male,white,16,54
143095.852138569,72.09,male,white,12,30
144086.40933409802,65.88,female,white,14,59
150967.87829962,66.3,male,white,18,56
153635.749804599,62.98,female,white,14,31
158930.46735887902,72.38,male,white,13,26
158979.09115076,72.74,male,white,18,41
158996.08070041199,71.83,male,white,17,58
159001.92991042198,69.42,male,white,18,61
159024.205461937,70.35,male,white,18,44
166981.025077615,75.23,male,white,12,53
174917.84853601802,65.81,male,white,18,41
175901.453597818,65.9,female,other,18,52
196568.589166955,61.32,female,white,14,62
198835.43385225802,74.22,male,white,18,49
235388.71922256198,66.72,male,white,18,42
270275.894207949,71.07,male,white,18,49
278213.53177556896,71.05,male,white,16,52
317949.12795506103,70.24,male,white,18,38
